Team,Model,Intercept,Dispersion,Off. Coef,Def. Coef,Home Coef,Completeness,Adj. Offense,Adj. Defense,Adj. Diff,Rank,Offense Rank,Defense Rank
Auburn,Poisson,4.1837701690846,0,0.320684354114331,-0.15649354367044407,0.036743402677174235,0.47717789778477504,90.41900912271142,56.10790015908588,34.311108963625536,1.0,1.0,9.0
Houston,Poisson,4.1837701690846,0,0.25011238465929186,-0.22665628452437048,0.036743402677174235,0.47676866918366234,84.25791856719266,52.30614631662359,31.95177225056907,2.0,9.0,2.0
Duke,Poisson,4.1837701690846,0,0.26881594159425004,-0.20033752746740183,0.036743402677174235,0.4691534690616519,85.84867133862272,53.70105468385475,32.14761665476797,3.0,4.0,3.0
Tennessee,Poisson,4.1837701690846,0,0.21156419251995617,-0.2431912672262404,0.036743402677174235,0.4547554597461966,81.0717335063159,51.44837624192694,29.623357264388957,4.0,22.0,1.0
Florida,Poisson,4.1837701690846,0,0.2582736226567142,-0.16504906796452298,0.036743402677174235,0.4233226906212372,84.94838117623006,55.629915277403356,29.3184658988267,5.0,5.0,7.0
Alabama,Poisson,4.1837701690846,0,0.2716862589080318,-0.12787879865011667,0.036743402677174235,0.3995650575581484,86.09543824657504,57.73660476839757,28.358833478177473,6.0,3.0,27.0
Arizona,Poisson,4.1837701690846,0,0.23663277392859228,-0.14599516146061361,0.036743402677174235,0.3826279353892059,83.12977517274138,56.700045183696844,26.42972998904453,7.0,13.0,11.0
Texas Tech,Poisson,4.1837701690846,0,0.25199530947960375,-0.12880727941857228,0.036743402677174235,0.38080258889817603,84.41671935142195,57.683022320219884,26.733697031202063,8.0,8.0,25.0
Iowa State,Poisson,4.1837701690846,0,0.2133521592089582,-0.16693477799552783,0.036743402677174235,0.38028693720448603,81.21681672857862,55.52511223327237,25.691704495306254,9.0,20.0,6.0
Kansas,Poisson,4.1837701690846,0,0.19776626842308098,-0.18121177007767417,0.036743402677174235,0.3789780385007552,79.96079383686401,54.73801272196295,25.22278111490106,10.0,36.0,5.0
Illinois,Poisson,4.1837701690846,0,0.23350757168717404,-0.14263006671206702,0.036743402677174235,0.3761376383992411,82.87038335011657,56.89116760015319,25.97921574996338,11.0,15.0,14.0
Purdue,Poisson,4.1837701690846,0,0.2564247469951768,-0.1129565349819145,0.036743402677174235,0.3693812819770913,84.79146728362356,58.60462592123247,26.186841362391093,12.0,6.0,33.0
Gonzaga,Poisson,4.1837701690846,0,0.24661866731298196,-0.11045771665549316,0.036743402677174235,0.35707638396847513,83.96405884583915,58.75125135336072,25.212807492478426,13.0,10.0,36.0
Wisconsin,Poisson,4.1837701690846,0,0.24539825433231716,-0.10808847953816533,0.036743402677174235,0.35348673387048246,83.86165052144923,58.8906120228027,24.971038498646536,14.0,12.0,37.0
Maryland,Poisson,4.1837701690846,0,0.20261947883274575,-0.1439900952681269,0.036743402677174235,0.3466095741008727,80.34980360345273,56.813846578946055,23.535957024506672,15.0,30.0,13.0
Michigan,Poisson,4.1837701690846,0,0.20935628868848713,-0.13600808939221454,0.036743402677174235,0.34536437808070164,80.89293237576958,57.2691497350365,23.623782640733076,16.0,25.0,19.0
Ohio State,Poisson,4.1837701690846,0,0.2114086031815177,-0.1329775108559465,0.036743402677174235,0.3443861140374642,81.05912059017663,57.44297164845625,23.616148941720382,17.0,23.0,21.0
Kentucky,Poisson,4.1837701690846,0,0.27588732150064915,-0.06766484643044128,0.036743402677174235,0.34355216793109045,86.45789138266795,61.319955153667834,25.13793622900012,18.0,2.0,69.0
Saint John's,Poisson,4.1837701690846,0,0.14230410557101203,-0.19927736507764743,0.036743402677174235,0.34158147064865946,75.64673459444435,53.758016711485205,21.88871788295915,19.0,88.0,4.0
Saint Mary's,Poisson,4.1837701690846,0,0.19946963096718992,-0.14033279334583043,0.036743402677174235,0.3398024243130203,80.09711212485593,57.02201239984779,23.075099725008137,20.0,34.0,17.0
Michigan State,Poisson,4.1837701690846,0,0.20343027782082626,-0.13490559587350043,0.036743402677174235,0.3383358736943267,80.4149775608258,57.33232341933147,23.08265414149433,21.0,29.0,20.0
TAMU,Poisson,4.1837701690846,0,0.18260841795841695,-0.15525458920531118,0.036743402677174235,0.33786300716372814,78.75789975651341,56.17745837334956,22.58044138316385,22.0,46.0,10.0
Baylor,Poisson,4.1837701690846,0,0.2556920054775468,-0.07741851050328731,0.036743402677174235,0.3331105159808341,84.72935981234433,60.724768255204246,24.00459155714008,23.0,7.0,60.0
UCLA,Poisson,4.1837701690846,0,0.19222046533216308,-0.1403808010802291,0.036743402677174235,0.3326012664123922,79.51857438366187,57.01927496793111,22.49929941573076,24.0,39.0,16.0
Ole Miss,Poisson,4.1837701690846,0,0.19154467053895036,-0.13962885908735154,0.036743402677174235,0.33117352962630187,79.46485429905091,57.062166279050956,22.402688019999957,25.0,40.0,18.0
Missouri,Poisson,4.1837701690846,0,0.23459375600268287,-0.09444818753432961,0.036743402677174235,0.3290419435370125,82.96044476352448,59.69940068376555,23.261044079758925,26.0,14.0,45.0
Creighton,Poisson,4.1837701690846,0,0.20041674397226444,-0.1241712726365108,0.036743402677174235,0.32458801660877523,80.17300907724018,57.951062039813685,22.221947037426496,27.0,32.0,31.0
UConn,Poisson,4.1837701690846,0,0.2457695696848909,-0.07668604631094546,0.036743402677174235,0.32245561599583633,83.892795421712,60.76926326705158,23.123532154660417,28.0,11.0,61.0
Texas,Poisson,4.1837701690846,0,0.21830152260497265,-0.10233438935229525,0.036743402677174235,0.3206359119572679,81.6197846632104,59.230450709049215,22.38933395416118,29.0,18.0,39.0
Marquette,Poisson,4.1837701690846,0,0.20511281799505432,-0.1135572944819793,0.036743402677174235,0.31867011247703364,80.55039288009296,58.56942920890076,21.9809636711922,30.0,28.0,32.0
Louisville,Poisson,4.1837701690846,0,0.20216094659206543,-0.11200621561355445,0.036743402677174235,0.3141671622056199,80.31296907352339,58.66034550382677,21.652623569696622,31.0,31.0,34.0
Mississippi State,Poisson,4.1837701690846,0,0.21688846992185984,-0.08516352979578301,0.036743402677174235,0.30205199971764285,81.50453305497112,60.25627035807542,21.2482626968957,32.0,19.0,53.0
Georgia,Poisson,4.1837701690846,0,0.17025463946349284,-0.12914647045668362,0.036743402677174235,0.29940110992017643,77.79092728795156,57.66346007385454,20.127467214097024,33.0,55.0,24.0
West Virginia,Poisson,4.1837701690846,0,0.1494877487493135,-0.1456262633586979,0.036743402677174235,0.2951140121080114,76.19211029024453,56.72096558125391,19.47114470899062,34.0,79.0,12.0
Clemson,Poisson,4.1837701690846,0,0.2089854242614982,-0.0845368045664333,0.036743402677174235,0.2935222288279315,80.86293762709302,60.29404631927284,20.56889130782018,35.0,26.0,55.0
BYU,Poisson,4.1837701690846,0,0.21841187813442006,-0.07139223844518114,0.036743402677174235,0.2898041165796012,81.6287923547754,61.09181708662386,20.536975268151537,36.0,17.0,67.0
VCU,Poisson,4.1837701690846,0,0.15874577252669303,-0.12917139979666092,0.036743402677174235,0.28791717232335395,76.90077401006174,57.66202257977206,19.238751430289682,37.0,70.0,23.0
Cincinnati,Poisson,4.1837701690846,0,0.1454833201403847,-0.1417699629670452,0.036743402677174235,0.2872532831074299,75.88761449675077,56.940120955929224,18.947493540821547,38.0,83.0,15.0
Arkansas,Poisson,4.1837701690846,0,0.15935923684667044,-0.12689232007093737,0.036743402677174235,0.28625155691760784,76.94796436441491,57.793588794375495,19.15437557003942,39.0,69.0,29.0
Pitt,Poisson,4.1837701690846,0,0.2103842395390009,-0.07467411270758484,0.036743402677174235,0.2850583522465857,80.97612908814537,60.89165006564252,20.084479022502848,40.0,24.0,65.0
Boise State,Poisson,4.1837701690846,0,0.2002252271764769,-0.08143653763531544,0.036743402677174235,0.28166176481179234,80.1576560696594,60.481264019686506,19.67639204997289,41.0,33.0,57.0
New Mexico,Poisson,4.1837701690846,0,0.1520949357259083,-0.1270895320285917,0.036743402677174235,0.2791844677545,76.39101654814425,57.78219233138582,18.60882421675843,42.0,74.0,28.0
Oregon,Poisson,4.1837701690846,0,0.18702280776901017,-0.09117048104728746,0.036743402677174235,0.2781932888162976,79.10633632830131,59.895398833389294,19.210937494912017,43.0,45.0,47.0
SMU,Poisson,4.1837701690846,0,0.19106251241199745,-0.08618462894379987,0.036743402677174235,0.2772471413557973,79.42654890911318,60.194774133964366,19.231774775148814,44.0,41.0,51.0
Villanova,Poisson,4.1837701690846,0,0.23041740494157031,-0.04096695432751185,0.036743402677174235,0.27138435926908216,82.61469531009833,62.97911822849629,19.635577081602037,45.0,16.0,102.0
Oklahoma,Poisson,4.1837701690846,0,0.20855878180314147,-0.05979583956138383,0.036743402677174235,0.2683546213645253,80.82844542303641,61.80438579629875,19.02405962673766,46.0,27.0,78.0
UC-San Diego,Poisson,4.1837701690846,0,0.16742004570720773,-0.09850628233393509,0.036743402677174235,0.2659263280411428,77.57073383809099,59.45762576088815,18.11310807720284,47.0,58.0,42.0
North Carolina,Poisson,4.1837701690846,0,0.19044620044377292,-0.07505621400071127,0.036743402677174235,0.2655024144444842,79.37761245803496,60.86838773197873,18.50922472605623,48.0,42.0,64.0
Memphis,Poisson,4.1837701690846,0,0.17548108795620077,-0.08984509886247596,0.036743402677174235,0.2653261868186767,78.19856187530561,59.9748357584694,18.22372611683621,49.0,52.0,49.0
San Diego State,Poisson,4.1837701690846,0,0.10810130393322734,-0.15709252473236196,0.036743402677174235,0.26519382866558927,73.10315113567545,56.07430265260616,17.02884848306929,50.0,127.0,8.0
Vanderbilt,Poisson,4.1837701690846,0,0.1942324357982941,-0.0642394667381436,0.036743402677174235,0.2584719025364377,79.67872446141965,61.530359434332155,18.148365027087493,51.0,37.0,74.0
Santa Clara,Poisson,4.1837701690846,0,0.19928257191823093,-0.05848024250945063,0.036743402677174235,0.25776281442768156,80.08213063649265,61.885748972891285,18.196381663601365,52.0,35.0,80.0
Northwestern,Poisson,4.1837701690846,0,0.1666288510967162,-0.08832321518392053,0.036743402677174235,0.2549520662806367,77.50938456435411,60.0661799721378,17.443204592216304,53.0,59.0,50.0
Nebraska,Poisson,4.1837701690846,0,0.1511369125537551,-0.10132739186108115,0.036743402677174235,0.25246430441483625,76.31786722911289,59.29012566553971,17.02774156357318,54.0,77.0,40.0
Utah State,Poisson,4.1837701690846,0,0.1936173510887075,-0.05353295819953436,0.036743402677174235,0.24715030928824186,79.6297303656283,62.19267396437489,17.437056401253415,55.0,38.0,87.0
Xavier,Poisson,4.1837701690846,0,0.17141815839383465,-0.07524572663153634,0.036743402677174235,0.24666388502537098,77.8814911806448,60.85685349666174,17.02463768398306,56.0,53.0,63.0
Arizona State,Poisson,4.1837701690846,0,0.13276901916212425,-0.1113930751561279,0.036743402677174235,0.24416209431825214,74.92886435982287,58.69632356357665,16.23254079624622,57.0,94.0,35.0
San Francisco,Poisson,4.1837701690846,0,0.1442911424093879,-0.09614903268886062,0.036743402677174235,0.2404401750982485,75.79719688033279,59.59794754987731,16.19924933045548,58.0,86.0,43.0
USC,Poisson,4.1837701690846,0,0.17921528257646943,-0.05756934914809037,0.036743402677174235,0.2367846317245598,78.4911164122086,61.94214597272041,16.548970439488187,59.0,49.0,82.0
Drake,Poisson,4.1837701690846,0,0.16395032758578643,-0.07245607514175299,0.036743402677174235,0.23640640272753943,77.30205165247929,61.026859927777764,16.27519172470153,60.0,64.0,66.0
North Texas,Poisson,4.1837701690846,0,0.14795526656020636,-0.08572585913792326,0.036743402677174235,0.2336811256981296,76.07543666123743,60.222396014366446,15.853040646870987,61.0,81.0,52.0
Wake Forest,Poisson,4.1837701690846,0,0.10417455161880484,-0.12821466249287924,0.036743402677174235,0.2323892141116841,72.81665603354588,57.71721638656247,15.099439646983413,62.0,137.0,26.0
LSU,Poisson,4.1837701690846,0,0.1367127681595039,-0.09452065947914347,0.036743402677174235,0.23123342763864735,75.22494845043109,59.695074308866054,15.529874141565031,63.0,92.0,44.0
Kansas State,Poisson,4.1837701690846,0,0.17731063466697417,-0.051560386340464295,0.036743402677174235,0.22887102100743845,78.34176075154487,62.31547455955805,16.02628619198682,64.0,50.0,90.0
Indiana,Poisson,4.1837701690846,0,0.15198240090022605,-0.07599636123953726,0.036743402677174235,0.2279787621397633,76.38242038210642,60.811189376971534,15.571231005134884,65.0,75.0,62.0
Iowa,Poisson,4.1837701690846,0,0.21276603367487254,-0.010742834825179716,0.036743402677174235,0.22350886850005225,81.16922742651182,64.91166426271859,16.257563163793236,66.0,21.0,150.0
Rutgers,Poisson,4.1837701690846,0,0.16775643349297784,-0.05557302646313759,0.036743402677174235,0.22332945995611542,77.5968320748053,62.0659259952054,15.530906079599909,67.0,57.0,84.0
Oregon State,Poisson,4.1837701690846,0,0.189480026908581,-0.03381192630463311,0.036743402677174235,0.22329195321321413,79.30095694681748,63.431351525918345,15.869605420899134,68.0,44.0,118.0
Butler,Poisson,4.1837701690846,0,0.1812026322479585,-0.04077528667392847,0.036743402677174235,0.22197791892188695,78.64726081199429,62.99119044520171,15.656070366792576,69.0,47.0,103.0
Liberty,Poisson,4.1837701690846,0,0.12803329785639192,-0.09214665441248905,0.036743402677174235,0.22017995226888099,74.57486103261338,59.83695906866157,14.737901963951813,70.0,103.0,46.0
Penn State,Poisson,4.1837701690846,0,0.15820937965456405,-0.061115488523999124,0.036743402677174235,0.21932486817856317,76.85953604388584,61.72287949437943,15.136656549506412,71.0,71.0,75.0
McNeese State,Poisson,4.1837701690846,0,0.15125216065270736,-0.06623577438106729,0.036743402677174235,0.21748793503377464,76.3266632250783,61.40764843272951,14.919014792348797,72.0,76.0,70.0
UCF,Poisson,4.1837701690846,0,0.17627811917881323,-0.04097243792900764,0.036743402677174235,0.21725055710782087,78.26091341544499,62.97877287705627,15.282140538388717,73.0,51.0,101.0
Providence,Poisson,4.1837701690846,0,0.1569372155929534,-0.060076316209392064,0.036743402677174235,0.21701353180234545,76.76182027276349,61.78705354009858,14.974766732664904,74.0,72.0,76.0
Colorado State,Poisson,4.1837701690846,0,0.14861340944805607,-0.06545217272821845,0.036743402677174235,0.21406558217627453,76.1255216485473,61.455786425581195,14.66973522296611,75.0,80.0,72.0
UC-Irvine,Poisson,4.1837701690846,0,0.08926623401706098,-0.12448293925926053,0.036743402677174235,0.2137491732763215,71.73913417498723,57.93300344230025,13.80613073268698,76.0,171.0,30.0
Nevada,Poisson,4.1837701690846,0,0.16916083759274275,-0.04322724885832072,0.036743402677174235,0.21238808645106347,77.70588594382589,62.836927628863464,14.868958314962427,77.0,56.0,96.0
George Mason,Poisson,4.1837701690846,0,0.08113730517352484,-0.12961335274886923,0.036743402677174235,0.21075065792239406,71.15833569099142,57.6365443091758,13.521791381815625,78.0,184.0,22.0
Utah,Poisson,4.1837701690846,0,0.1298528548883928,-0.08018769845603717,0.036743402677174235,0.21004055334442995,74.71067777109481,60.5568425747142,14.153835196380605,79.0,101.0,59.0
Florida State,Poisson,4.1837701690846,0,0.11262320127459831,-0.09095828594680605,0.036743402677174235,0.20358148722140434,73.43446459862963,59.90810969210637,13.52635490652326,80.0,123.0,48.0
Yale,Poisson,4.1837701690846,0,0.16358869973145207,-0.03784049893829354,0.036743402677174235,0.20142919866974562,77.27410213137182,63.17632775484423,14.097774376527589,81.0,66.0,108.0
Stanford,Poisson,4.1837701690846,0,0.16370675449108962,-0.03588971570966655,0.036743402677174235,0.19959647020075616,77.28322524542804,63.299691364182415,13.983533881245627,82.0,65.0,112.0
TCU,Poisson,4.1837701690846,0,0.0975022378407561,-0.09923765869150139,0.036743402677174235,0.19673989653225749,72.33241774762884,59.41415575753368,12.91826199009516,83.0,149.0,41.0
Georgetown,Poisson,4.1837701690846,0,0.08513635933550795,-0.1070768031795584,0.036743402677174235,0.19221316251506634,71.44347148623947,58.95022040984397,12.493251076395502,84.0,180.0,38.0
Dayton,Poisson,4.1837701690846,0,0.17053174299543067,-0.016280105681892643,0.036743402677174235,0.1868118486773233,77.81248641557305,64.55322410191908,13.259262313653963,85.0,54.0,141.0
Saint Joseph's,Poisson,4.1837701690846,0,0.11549898461439606,-0.07095896798715055,0.036743402677174235,0.18645795260154663,73.64595015605961,61.118292101201575,12.527658054858037,86.0,119.0,68.0
Bradley,Poisson,4.1837701690846,0,0.14727064217597863,-0.03884228629012326,0.036743402677174235,0.1861129284661019,76.02337138687022,63.1130701993642,12.910301187506022,87.0,82.0,107.0
Notre Dame,Poisson,4.1837701690846,0,0.1495932649867019,-0.03425893211201453,0.036743402677174235,0.18385219709871642,76.20015021920511,63.40300367971416,12.797146539490953,88.0,78.0,117.0
Grand Canyon,Poisson,4.1837701690846,0,0.10045050007366707,-0.08056243779806388,0.036743402677174235,0.18101293787173095,72.54598735799746,60.53415379482728,12.011833563170178,89.0,143.0,58.0
Arkansas State,Poisson,4.1837701690846,0,0.11572464001994257,-0.06499356959543576,0.036743402677174235,0.18071820961537832,73.66257063798925,61.48397670534478,12.178593932644468,90.0,118.0,73.0
Washington,Poisson,4.1837701690846,0,0.12596419555392915,-0.054470959248429665,0.036743402677174235,0.18043515480235883,74.42071754026546,62.13436452239688,12.286353017868578,91.0,107.0,86.0
Minnesota,Poisson,4.1837701690846,0,0.13147793461441573,-0.04277857145788889,0.036743402677174235,0.1742565060723046,74.83218728343951,62.86512746404436,11.967059819395146,92.0,95.0,98.0
South Carolina,Poisson,4.1837701690846,0,0.08874771438004056,-0.08484280152387451,0.036743402677174235,0.17359051590391505,71.70194566749353,60.275599347049905,11.426346320443628,93.0,172.0,54.0
Virginia,Poisson,4.1837701690846,0,0.13068310292310054,-0.039715282526304074,0.036743402677174235,0.1703983854494046,74.77273192108944,63.057996769572526,11.71473515151692,94.0,98.0,104.0
UNLV,Poisson,4.1837701690846,0,0.13035698107561716,-0.0392337124272374,0.036743402677174235,0.16959069350285455,74.74835087542587,63.0883709283801,11.65997994704577,95.0,99.0,105.0
Colorado,Poisson,4.1837701690846,0,0.10748616703597054,-0.05972827500115772,0.036743402677174235,0.16721444203712826,73.05819651814566,61.80856172351591,11.249634794629756,96.0,129.0,79.0
Washington State,Poisson,4.1837701690846,0,0.14128415328355806,-0.020571605791326306,0.036743402677174235,0.16185575907488436,75.5696178688321,64.27678752168887,11.292830347143223,97.0,89.0,131.0
Lipscomb,Poisson,4.1837701690846,0,0.11898421846435407,-0.041412156740379305,0.036743402677174235,0.16039637520473338,73.90307131787648,62.951086013568606,10.951985304307875,98.0,113.0,100.0
FAU,Poisson,4.1837701690846,0,0.15657880473147762,-0.0017788101403824219,0.036743402677174235,0.15835761487186004,76.73431293239031,65.4961497810134,11.23816315137691,99.0,73.0,171.0
Akron,Poisson,4.1837701690846,0,0.13140828837380575,-0.026615609578378108,0.036743402677174235,0.15802389795218386,74.82697568440489,63.88947002774601,10.937505656658878,100.0,96.0,123.0
South Dakota State,Poisson,4.1837701690846,0,0.13672852079489492,-0.016994466883445927,0.036743402677174235,0.15372298767834086,75.22613345094972,64.50712625040414,10.719007200545576,101.0,91.0,139.0
High Point,Poisson,4.1837701690846,0,0.18994714660718928,0.03699541198458765,0.036743402677174235,0.15295173462260164,79.3380086390398,68.08558937985298,11.252419259186823,102.0,43.0,244.0
Saint Louis,Poisson,4.1837701690846,0,0.11344385167448844,-0.036458366825041506,0.036743402677174235,0.14990221849952995,73.49475335598112,63.263706156569235,10.231047199411883,103.0,122.0,111.0
Saint Bonaventure,Poisson,4.1837701690846,0,0.11200588891479032,-0.037468472666898386,0.036743402677174235,0.1494743615816887,73.38914658512111,63.19983538095543,10.189311204165683,104.0,124.0,109.0
NC State,Poisson,4.1837701690846,0,0.10654781065761897,-0.04189498341756338,0.036743402677174235,0.14844279407518235,72.98967404772851,62.92069888633169,10.068975161396821,105.0,132.0,99.0
Troy,Poisson,4.1837701690846,0,0.09210316417749251,-0.05500864095032409,0.036743402677174235,0.1471118051278166,71.94294204606963,62.10096499149731,9.841977054572325,106.0,160.0,85.0
Illinois State,Poisson,4.1837701690846,0,0.16606626709438319,0.02256264259022318,0.036743402677174235,0.14350362450416002,77.46579128815719,67.10998305504089,10.355808233116306,107.0,61.0,215.0
Oklahoma State,Poisson,4.1837701690846,0,0.09569106695619205,-0.04642032382316954,0.036743402677174235,0.14211139077936158,72.20152994446302,62.63660460180822,9.564925342654796,108.0,153.0,94.0
Northern Iowa,Poisson,4.1837701690846,0,0.13137393996070068,-0.008808242815429265,0.036743402677174235,0.14018218277612995,74.82440554067306,65.03736339880909,9.787042141863964,109.0,97.0,155.0
Middle Tennessee,Poisson,4.1837701690846,0,0.10266791640677739,-0.037375847140829456,0.036743402677174235,0.14004376354760684,72.70703049912588,63.20568957007453,9.501340929051345,110.0,141.0,110.0
Georgia Tech,Poisson,4.1837701690846,0,0.09124345697820013,-0.048208132393231656,0.036743402677174235,0.1394515893714318,71.88111875962431,62.524722385094854,9.35639637452946,111.0,166.0,93.0
DePaul,Poisson,4.1837701690846,0,0.11428411603423613,-0.02288944633311944,0.036743402677174235,0.13717356236735556,73.55653433039502,64.12797670417024,9.428557626224787,112.0,121.0,129.0
Cal State-Northridge,Poisson,4.1837701690846,0,0.09132484962454654,-0.04347397552603588,0.036743402677174235,0.13479882515058242,71.8869695922067,62.821425995511945,9.065543596694752,113.0,164.0,95.0
UNC-Wilmington,Poisson,4.1837701690846,0,0.12416701065246714,-0.010607602766240426,0.036743402677174235,0.13477461341870756,74.28708986313471,64.92044299429561,9.366646868839098,114.0,108.0,151.0
Jacksonville State,Poisson,4.1837701690846,0,0.1381806067444451,0.003521231718648158,0.036743402677174235,0.13465937502579695,75.33544760994212,65.84420365175154,9.49124395819058,115.0,90.0,180.0
UC-Santa Barbara,Poisson,4.1837701690846,0,0.12611364805352934,-0.00745605299921494,0.036743402677174235,0.1335697010527443,74.4318407336977,65.12536574379897,9.306474989898732,116.0,106.0,159.0
UAB,Poisson,4.1837701690846,0,0.1633836834787187,0.031140993833216273,0.036743402677174235,0.13224268964550243,77.25826130838806,67.6881523858692,9.570108922518855,117.0,67.0,236.0
Saint Thomas,Poisson,4.1837701690846,0,0.16541994873189944,0.033568568805917444,0.036743402677174235,0.131851379925982,77.41573990109092,67.85267005924925,9.563069841841667,118.0,62.0,239.0
Samford,Poisson,4.1837701690846,0,0.12766378815712318,-0.003294137899719904,0.036743402677174235,0.1309579260568431,74.54730998864262,65.39697680587851,9.150333182764115,119.0,104.0,169.0
Louisiana Tech,Poisson,4.1837701690846,0,0.11865526654329135,-0.009988364278089976,0.036743402677174235,0.12864363082138133,73.87876475865784,64.9606566809117,8.91810807774614,120.0,114.0,153.0
California,Poisson,4.1837701690846,0,0.12354949140854077,-0.005066320461040608,0.036743402677174235,0.12861581186958138,74.24123031660251,65.28118405727014,8.960046259332373,121.0,110.0,164.0
North Dakota State,Poisson,4.1837701690846,0,0.17952570956128597,0.05254861758308755,0.036743402677174235,0.12697709197819843,78.51548595509753,69.15281643706534,9.362669518032192,122.0,48.0,274.0
Chattanooga,Poisson,4.1837701690846,0,0.14453072676318726,0.018499285177743206,0.036743402677174235,0.12603144158544405,75.81535887834553,66.83784448052677,8.977514397818766,123.0,85.0,209.0
UTEP,Poisson,4.1837701690846,0,0.08946790682835032,-0.035858538676137426,0.036743402677174235,0.12532644550448774,71.75360346683807,63.30166489154666,8.451938575291415,124.0,170.0,113.0
Utah Valley,Poisson,4.1837701690846,0,0.07240049624966598,-0.05285851778823346,0.036743402677174235,0.12525901403789944,70.53934683975339,62.23463336495054,8.304713474802853,125.0,199.0,88.0
Loyola-Marymount,Poisson,4.1837701690846,0,0.06915500080010208,-0.05152971298869392,0.036743402677174235,0.120684713788796,70.31078281295086,62.3173860133451,7.993396799605762,126.0,205.0,91.0
Western Kentucky,Poisson,4.1837701690846,0,0.06798113686005659,-0.05238743999808944,0.036743402677174235,0.12036857685814603,70.22829594406272,62.26395762496805,7.964338319094672,127.0,208.0,89.0
Cornell,Poisson,4.1837701690846,0,0.16439312865235067,0.045579798298249805,0.036743402677174235,0.11881333035410087,77.33628866293154,68.67257824640016,8.663710416531373,128.0,63.0,265.0
Illinois-Chicago,Poisson,4.1837701690846,0,0.12613750701852688,0.007349015246766571,0.036743402677174235,0.11878849177176032,74.4336166215658,66.09672399819742,8.336892623368385,129.0,105.0,190.0
Rhode Island,Poisson,4.1837701690846,0,0.09818510099058583,-0.018784831313439908,0.036743402677174235,0.11696993230402575,72.38182775846457,64.39173831013836,7.990089448326202,130.0,147.0,134.0
Belmont,Poisson,4.1837701690846,0,0.16205845099802937,0.045912511760054904,0.036743402677174235,0.11614593923797448,77.15594396320967,68.69543033902823,8.46051362418143,131.0,68.0,267.0
North Alabama,Poisson,4.1837701690846,0,0.13027474557933558,0.015373385222828544,0.036743402677174235,0.11490136035650703,74.74220416043791,66.62924227015715,8.112961890280758,132.0,100.0,202.0
Davidson,Poisson,4.1837701690846,0,0.14376704140366076,0.02983117472529652,0.036743402677174235,0.11393586667836424,75.75748190145573,67.59955118893195,8.157930712523779,133.0,87.0,233.0
East Tennessee State,Poisson,4.1837701690846,0,0.08865222363307691,-0.024628428550130775,0.036743402677174235,0.11328065218320768,71.69509912203911,64.01655620028473,7.678542921754385,134.0,173.0,126.0
Northern Colorado,Poisson,4.1837701690846,0,0.1341872198896132,0.02181775775493501,0.036743402677174235,0.1123694621346782,75.03520391736349,67.06001245984652,7.975191457516971,135.0,93.0,214.0
James Madison,Poisson,4.1837701690846,0,0.12371034327932073,0.013714265855361195,0.036743402677174235,0.10999607742395953,74.2531731178731,66.51878805756581,7.7343850603072895,136.0,109.0,200.0
Virginia Tech,Poisson,4.1837701690846,0,0.11452226074363908,0.005212363181228701,0.036743402677174235,0.10930989756241039,73.57405351585571,65.95564906403665,7.61840445181906,137.0,120.0,187.0
UNC-Greensboro,Poisson,4.1837701690846,0,0.09252201443909522,-0.016253985826549612,0.036743402677174235,0.10877600026564482,71.97308167772174,64.55491024481533,7.418171432906405,138.0,157.0,142.0
Syracuse,Poisson,4.1837701690846,0,0.10358162733818654,-0.004625086422372371,0.036743402677174235,0.10820671376055892,72.77349406730362,65.30999469340999,7.463499373893626,139.0,138.0,165.0
San Jose State,Poisson,4.1837701690846,0,0.11025692057430116,0.0027448366644814946,0.036743402677174235,0.10751208390981966,73.26090347047202,65.79310237764598,7.467801092826036,140.0,125.0,179.0
Loyola-Chicago,Poisson,4.1837701690846,0,0.07973065297815676,-0.02758679526376711,0.036743402677174235,0.10731744824192388,71.0583110283216,63.827451609582624,7.230859418738973,141.0,187.0,122.0
Kent State,Poisson,4.1837701690846,0,0.025189932958168598,-0.08165717488389532,0.036743402677174235,0.10684710784206392,67.28653228860992,60.46792107203233,6.818611216577587,142.0,277.0,56.0
Purdue-Fort Wayne,Poisson,4.1837701690846,0,0.14539476170352927,0.03864868877523442,0.036743402677174235,0.10674607292829486,75.88089430580342,68.19824680584526,7.682647499958165,143.0,84.0,248.0
George Washington,Poisson,4.1837701690846,0,0.06299492114402645,-0.043163532541854094,0.036743402677174235,0.10615845368588055,69.87899408203853,62.84093149398446,7.038062588054068,144.0,217.0,97.0
Appalachian State,Poisson,4.1837701690846,0,0.040589607123242,-0.06552024670229009,0.036743402677174235,0.10610985382553209,68.33074257451246,61.45160302836134,6.879139546151116,145.0,250.0,71.0
Tulane,Poisson,4.1837701690846,0,0.07930449485957038,-0.026372555486307916,0.036743402677174235,0.10567705034587829,71.02803540374369,63.90500051217391,7.123034891569773,146.0,189.0,124.0
Bryant,Poisson,4.1837701690846,0,0.09769100896258401,-0.006216809257224332,0.036743402677174235,0.10390781821980834,72.34607330811873,65.20612197373319,7.139951334385543,147.0,148.0,161.0
Wichita State,Poisson,4.1837701690846,0,0.08992066023084098,-0.013939197554674126,0.036743402677174235,0.10385985778551511,71.78609751028796,64.70451427797146,7.081583232316504,148.0,169.0,146.0
FGCU,Poisson,4.1837701690846,0,0.10322442632358463,-0.0003413445707220802,0.036743402677174235,0.1035657708943067,72.74750394351224,65.59036594128888,7.157138002223363,149.0,140.0,174.0
South Alabama,Poisson,4.1837701690846,0,0.07842667866141981,-0.023136762909037878,0.036743402677174235,0.10156344157045769,70.9657132014647,64.11211875359899,6.853594447865703,150.0,193.0,128.0
Wisconsin-Milwaukee,Poisson,4.1837701690846,0,0.08030288907587864,-0.019467420367619483,0.036743402677174235,0.09977030944349813,71.0989847953241,64.3478002119267,6.751184583397404,151.0,185.0,132.0
Princeton,Poisson,4.1837701690846,0,0.0936874112409298,-0.005339896045260063,0.036743402677174235,0.09902730728618986,72.05700777102881,65.26332716191975,6.79368060910906,152.0,155.0,163.0
Seattle,Poisson,4.1837701690846,0,0.09212678110675694,-0.006688163102435147,0.036743402677174235,0.09881494420919208,71.94464113750655,65.17539405983867,6.769247077667885,153.0,159.0,160.0
Duquesne,Poisson,4.1837701690846,0,0.06859813121788025,-0.029983352316468512,0.036743402677174235,0.09858148353434876,70.27163977649478,63.67466862996099,6.5969711465337895,154.0,206.0,121.0
Wyoming,Poisson,4.1837701690846,0,0.06750847413486151,-0.030983214310200905,0.036743402677174235,0.09849168844506241,70.19510948993377,63.61103456677639,6.584074923157381,155.0,210.0,119.0
California Baptist,Poisson,4.1837701690846,0,0.10461066141964362,0.007407273641661695,0.036743402677174235,0.09720338777798193,72.84841901647711,66.10057479941503,6.747844217062081,156.0,135.0,191.0
Temple,Poisson,4.1837701690846,0,0.10447443341638156,0.008059456077776203,0.036743402677174235,0.09641497733860535,72.838495697746,66.14369849404582,6.694797203700176,157.0,136.0,192.0
Cleveland State,Poisson,4.1837701690846,0,0.05924828221840593,-0.03568368352241847,0.036743402677174235,0.09493196574082441,69.61767256709493,63.31273448165116,6.304938085443766,158.0,223.0,114.0
Kennesaw State,Poisson,4.1837701690846,0,0.06395761167440658,-0.030726760893019785,0.036743402677174235,0.09468437256742637,69.94629831929173,63.62734992593681,6.3189483933549155,159.0,216.0,120.0
Wofford,Poisson,4.1837701690846,0,0.1200123390523202,0.02545278366161208,0.036743402677174235,0.09455955539070812,73.97909165935508,67.30422092558777,6.674870733767307,160.0,112.0,223.0
Nicholls State,Poisson,4.1837701690846,0,0.08561014572957933,-0.00798623944584486,0.036743402677174235,0.09359638517542418,71.47732845082612,65.09084630922658,6.386482141599544,161.0,178.0,156.0
UC-Riverside,Poisson,4.1837701690846,0,0.08781748733168736,-0.003773465676574041,0.036743402677174235,0.0915909530082614,71.63527759124544,65.36563772981796,6.269639861427478,162.0,175.0,167.0
Southern Illinois,Poisson,4.1837701690846,0,0.07984229669409523,-0.010882735769390063,0.036743402677174235,0.09072503246348529,71.06624468507634,64.90258369480283,6.163660990273513,163.0,186.0,149.0
College of Charleston,Poisson,4.1837701690846,0,0.09137355340385127,0.0037208827295391197,0.036743402677174235,0.08765267067431215,71.89047084457002,65.85735082595156,6.033120018618462,164.0,163.0,181.0
Murray State,Poisson,4.1837701690846,0,0.09058349439740256,0.00386881788480023,0.036743402677174235,0.08671467651260233,71.83369556146651,65.86709416404446,5.966601397422053,165.0,167.0,182.0
Furman,Poisson,4.1837701690846,0,0.1032883306190915,0.01712138616458323,0.036743402677174235,0.08616694445450826,72.75215297004644,66.74581210079903,6.00634086924741,166.0,139.0,205.0
Robert Morris,Poisson,4.1837701690846,0,0.06844138686669551,-0.014612656688377825,0.036743402677174235,0.08305404355507334,70.26062595711086,64.6609531018215,5.599672855289356,167.0,207.0,145.0
Elon,Poisson,4.1837701690846,0,0.0922371693648827,0.009220014994666646,0.036743402677174235,0.08301715437021606,71.95258341948252,66.22050671474089,5.73207670474163,168.0,158.0,193.0
Rice,Poisson,4.1837701690846,0,0.07176594342279474,-0.011233648253523642,0.036743402677174235,0.08299959167631839,70.4946000963983,64.87981256350258,5.614787532895718,169.0,201.0,148.0
Central Connecticut,Poisson,4.1837701690846,0,0.04740581135166739,-0.03549041722942528,0.036743402677174235,0.08289622858109266,68.79808982870905,63.32497188164408,5.473117947064971,170.0,240.0,115.0
Texas A&M-Corpus Christi,Poisson,4.1837701690846,0,0.09466365368734425,0.01177967038030398,0.036743402677174235,0.08288398330704028,72.12738722869388,66.39022550954235,5.73716171915153,171.0,154.0,198.0
Miami-OH,Poisson,4.1837701690846,0,0.10567490709664727,0.02317638457557912,0.036743402677174235,0.08249852252106815,72.92598890087758,67.15118391133264,5.774804989544947,172.0,134.0,219.0
Jacksonville,Poisson,4.1837701690846,0,0.0416922628697746,-0.03895093485007412,0.036743402677174235,0.08064319771984872,68.40612941570562,63.106213427668855,5.299915988036766,173.0,247.0,106.0
New Mexico State,Poisson,4.1837701690846,0,0.06448938482696452,-0.015310838975132428,0.036743402677174235,0.07980022380209695,69.98350377441304,64.61582372581985,5.367680048593186,174.0,215.0,144.0
Montana,Poisson,4.1837701690846,0,0.12301168508369606,0.04366553350180704,0.036743402677174235,0.07934615158188901,74.20131364805451,68.54124648936613,5.660067158688378,175.0,111.0,261.0
Montana State,Poisson,4.1837701690846,0,0.07862409643412774,-0.00040312239782862704,0.036743402677174235,0.07902721883195636,70.97972447749551,65.58631403616215,5.393410441333359,176.0,192.0,173.0
Arkansas-Little Rock,Poisson,4.1837701690846,0,0.01906778392238329,-0.05724698772910767,0.036743402677174235,0.07631477165149096,66.87585251394442,61.96211694955427,4.9137355643901515,177.0,289.0,83.0
Miami,Poisson,4.1837701690846,0,0.16627976020188978,0.09041454878113003,0.036743402677174235,0.07586521142075975,77.48233146620899,71.821560598604,5.660770867604995,178.0,60.0,336.0
Marshall,Poisson,4.1837701690846,0,0.06296265037976241,-0.012867397122427605,0.036743402677174235,0.07583004750219002,69.87673906987915,64.77390178247914,5.102837287400007,179.0,218.0,147.0
South Florida,Poisson,4.1837701690846,0,0.07933975873572743,0.004435480028291545,0.036743402677174235,0.07490427870743589,71.03054017175148,65.90442912996586,5.12611104178562,180.0,188.0,185.0
Ohio,Poisson,4.1837701690846,0,0.09127547519654045,0.01692374133050516,0.036743402677174235,0.07435173386603529,71.88342030182477,66.73262143941692,5.150798862407854,181.0,165.0,204.0
Hawaii,Poisson,4.1837701690846,0,0.07379200412209144,-0.00047981709757907807,0.036743402677174235,0.07427182121967052,70.63757122034679,65.5812841063863,5.0562871139604795,182.0,198.0,172.0
Campbell,Poisson,4.1837701690846,0,0.056401345810185556,-0.017372474003953267,0.036743402677174235,0.07377381981413883,69.41975734011683,64.48274670546913,4.937010634647706,183.0,226.0,137.0
UNC-Asheville,Poisson,4.1837701690846,0,0.11597318701643326,0.042302983217314565,0.036743402677174235,0.0736702037991187,73.68088152413867,68.44791919047029,5.232962333668382,184.0,117.0,256.0
Eastern Kentucky,Poisson,4.1837701690846,0,0.11621479179248359,0.04352286205613257,0.036743402677174235,0.07269192973635102,73.69868532767389,68.53146830819138,5.167217019482507,185.0,115.0,260.0
East Carolina,Poisson,4.1837701690846,0,0.08191803721286844,0.010060506575472021,0.036743402677174235,0.07185753063739642,71.21391297619229,66.27618788961277,4.937725086579519,186.0,182.0,194.0
Towson,Poisson,4.1837701690846,0,0.059771808204595586,-0.009528793245354389,0.036743402677174235,0.06930060144994997,69.6541287698339,64.99051757806586,4.663611191768041,187.0,221.0,154.0
UMass,Poisson,4.1837701690846,0,0.05115335262430098,-0.01676054223845689,0.036743402677174235,0.06791389486275787,69.05639721631144,64.52221782208802,4.534179394223415,188.0,233.0,140.0
Idaho State,Poisson,4.1837701690846,0,0.0855625821727679,0.018409811394527933,0.036743402677174235,0.06715277077823996,71.47392881570363,66.83186451324828,4.642064302455353,189.0,179.0,208.0
Sam Houston State,Poisson,4.1837701690846,0,0.10231257178768352,0.03617645044381718,0.036743402677174235,0.06613612134386634,72.68119903687507,68.029852726873,4.651346310002069,190.0,142.0,243.0
UTSA,Poisson,4.1837701690846,0,0.10614892304453066,0.04015085906881843,0.036743402677174235,0.06599806397571223,72.96056517683748,68.30076917001784,4.659796006819633,191.0,133.0,252.0
Radford,Poisson,4.1837701690846,0,0.10762498540206908,0.04191825426146199,0.036743402677174235,0.06570673114060709,73.06833904158437,68.42159035904646,4.646748682537904,192.0,128.0,255.0
Nebraska-Omaha,Poisson,4.1837701690846,0,0.09893797877428975,0.03465432778635259,0.036743402677174235,0.06428365098793716,72.43634294759013,67.92638171441693,4.5099612331732,193.0,146.0,242.0
Drexel,Poisson,4.1837701690846,0,0.05807186456594085,-0.006107988222856752,0.036743402677174235,0.0641798527887976,69.53582126326269,65.21321815747349,4.322603105789199,194.0,225.0,162.0
Wright State,Poisson,4.1837701690846,0,0.10663026154390501,0.04349161200684607,0.036743402677174235,0.06313864953705894,72.99569235914758,68.52932672989148,4.466365629256103,195.0,131.0,259.0
Youngstown State,Poisson,4.1837701690846,0,0.03856010735922236,-0.022862914294930748,0.036743402677174235,0.061423021654153115,68.19220597613023,64.12967817266873,4.062527803461492,196.0,254.0,130.0
Merrimack,Poisson,4.1837701690846,0,0.009032893931411403,-0.05089168091105373,0.036743402677174235,0.059924574842465134,66.20811662237487,62.357159191548824,3.8509574308260497,197.0,302.0,92.0
Longwood,Poisson,4.1837701690846,0,0.0868877964889097,0.027461875665906157,0.036743402677174235,0.059425920823003534,71.56870987814034,67.43957722380289,4.129132654337454,198.0,176.0,225.0
Indiana State,Poisson,4.1837701690846,0,0.0963043427207622,0.037991011931074126,0.036743402677174235,0.058313330789688075,72.2458229734752,68.1534091440708,4.092413829404393,199.0,152.0,247.0
Hofstra,Poisson,4.1837701690846,0,0.02237144262565093,-0.0353178983690311,0.036743402677174235,0.05768934099468202,67.09715285526423,63.3358975760447,3.761255279219526,200.0,281.0,116.0
Queens (N.C.),Poisson,4.1837701690846,0,0.07439042516776741,0.019122086325183963,0.036743402677174235,0.05526833884258345,70.6798548800346,66.87948413202713,3.8003707480074667,201.0,196.0,210.0
Seton Hall,Poisson,4.1837701690846,0,0.034708299681146415,-0.018979065210306078,0.036743402677174235,0.053687364891452496,67.93004792887997,64.37923246644905,3.5508154624309185,202.0,261.0,133.0
Norfolk State,Poisson,4.1837701690846,0,0.08433815266296109,0.03101826414733884,0.036743402677174235,0.05331988851562225,71.38646758406337,67.67984554994739,3.7066220341159806,203.0,181.0,235.0
Maine,Poisson,4.1837701690846,0,0.035304928156868615,-0.017712664795041938,0.036743402677174235,0.05301759295191055,67.97058902261438,64.46081399971962,3.5097750228947575,204.0,260.0,135.0
Lamar,Poisson,4.1837701690846,0,0.04077976603886651,-0.010134737153861552,0.036743402677174235,0.05091450319272806,68.3437375099365,64.95114889863902,3.3925886112974837,205.0,249.0,152.0
Winthrop,Poisson,4.1837701690846,0,0.07569955492571565,0.025091839852189098,0.036743402677174235,0.050607715073526544,70.77244457408383,67.27993226738074,3.492512306703091,206.0,194.0,222.0
Oakland-Michigan,Poisson,4.1837701690846,0,0.07914188784718848,0.028736798919337107,0.036743402677174235,0.05040508892785137,71.01648668608799,67.52561234143947,3.4908743446485175,207.0,191.0,231.0
Boston College,Poisson,4.1837701690846,0,0.079190929243524,0.029787877485259517,0.036743402677174235,0.04940305175826448,71.01996951915868,67.59662437829962,3.4233451408590554,208.0,190.0,232.0
Pepperdine,Poisson,4.1837701690846,0,0.06199353049830732,0.012924642231208375,0.036743402677174235,0.049068888267098945,69.80905293608184,66.46628398302242,3.3427689530594193,209.0,219.0,199.0
Portland State,Poisson,4.1837701690846,0,0.04635539020743201,-0.0019818682794599395,0.036743402677174235,0.04833725848689195,68.7258608025595,65.48285160491926,3.2430091976402338,210.0,242.0,170.0
Southeastern Louisiana,Poisson,4.1837701690846,0,0.040222186071591476,-0.0076977330779709665,0.036743402677174235,0.047919919149562444,68.30564103291549,65.10962814208601,3.196012890829479,211.0,251.0,158.0
Fordham,Poisson,4.1837701690846,0,0.07436535345643723,0.028147980052763543,0.036743402677174235,0.046217373403673684,70.6780828373303,67.48586369044216,3.192219146888135,212.0,197.0,229.0
Texas State,Poisson,4.1837701690846,0,0.10688851905830636,0.06067523473104468,0.036743402677174235,0.04621328432726168,73.01454647972264,69.71708459113886,3.2974618885837828,213.0,130.0,290.0
Toledo,Poisson,4.1837701690846,0,0.1280389887479462,0.08353820178146536,0.036743402677174235,0.04450078696648084,74.57528543126774,71.3293847511679,3.245900680099851,214.0,102.0,328.0
Quinnipiac,Poisson,4.1837701690846,0,0.03970570074600898,-0.0044258879198917,0.036743402677174235,0.04413158866590068,68.27037128060626,65.32300564238768,2.947365638218571,215.0,253.0,166.0
Missouri-Kansas City,Poisson,4.1837701690846,0,0.045928504863089324,0.0026838291976505374,0.036743402677174235,0.043244675665438784,68.6965290009091,65.78908862957049,2.907440371338609,216.0,243.0,178.0
UC-Davis,Poisson,4.1837701690846,0,-0.017610216986798818,-0.05985303246484637,0.036743402677174235,0.04224281547804755,64.46741820711897,61.80085112510839,2.6665670820105802,217.0,335.0,77.0
UT-Arlington,Poisson,4.1837701690846,0,0.09681484800306045,0.055403978061901185,0.036743402677174235,0.041410869941159265,72.28271426352521,69.35055482896493,2.932159434560276,218.0,151.0,280.0
Northeastern,Poisson,4.1837701690846,0,0.05990880440186473,0.02012996390106967,0.036743402677174235,0.03977884050079506,69.66367177426218,66.94692444445103,2.716747329811156,219.0,220.0,213.0
Southeast Missouri State,Poisson,4.1837701690846,0,0.059158768361841994,0.019786955984716713,0.036743402677174235,0.03937181237712528,69.61144109964391,66.92396505724199,2.6874760424019257,220.0,224.0,212.0
Marist,Poisson,4.1837701690846,0,0.020841244190313947,-0.017566237774916865,0.036743402677174235,0.03840748196523081,66.99455941113203,64.47025349571021,2.52430591542182,221.0,287.0,136.0
La Salle,Poisson,4.1837701690846,0,0.048405993153224386,0.010442554381211042,0.036743402677174235,0.037963438772013344,68.86693484916675,66.30151339923839,2.5654214499283654,222.0,238.0,196.0
Bucknell,Poisson,4.1837701690846,0,0.043334951407264136,0.007104547805894333,0.036743402677174235,0.0362304036013698,68.51859172537506,66.08056747618376,2.438024249191301,223.0,246.0,189.0
Missouri State,Poisson,4.1837701690846,0,0.04695605259799717,0.011303056873326937,0.036743402677174235,0.03565299572467023,68.76715424286954,66.35859057075167,2.4085636721178645,224.0,241.0,197.0
Cal Poly,Poisson,4.1837701690846,0,0.08995231321818611,0.05535932953117613,0.036743402677174235,0.034592983687009984,71.78836979068603,69.34745849771069,2.4409112929753434,225.0,168.0,279.0
Central Michigan,Poisson,4.1837701690846,0,0.037804968892849844,0.004419306554623761,0.036743402677174235,0.03338566233822608,68.1407308561585,65.90336323503637,2.2373676211221323,226.0,256.0,184.0
UTRGV,Poisson,4.1837701690846,0,0.07029989778519088,0.0376695468592726,0.036743402677174235,0.03263035092591828,70.39132751510783,68.13150372460909,2.259823790498743,227.0,202.0,245.0
Eastern Washington,Poisson,4.1837701690846,0,0.05411266989460958,0.02287903949553448,0.036743402677174235,0.031233630399075105,69.26105968644829,67.13121980543887,2.129839881009417,228.0,230.0,218.0
Valparaiso,Poisson,4.1837701690846,0,0.07461817772293676,0.04476871346079205,0.036743402677174235,0.029849464262144708,70.69595423084706,68.61690154175314,2.0790526890939276,229.0,195.0,262.0
Southern,Poisson,4.1837701690846,0,0.003253225352212726,-0.025580630151318087,0.036743402677174235,0.028833855503530813,65.82655935047814,63.95562854527713,1.8709308052010059,230.0,315.0,125.0
Brown,Poisson,4.1837701690846,0,0.05033079544433786,0.022627515448180324,0.036743402677174235,0.02770327999615754,68.99961773634466,67.11433681265791,1.88528092368675,231.0,234.0,216.0
Gardner-Webb,Poisson,4.1837701690846,0,0.06649231580335999,0.04084486948904127,0.036743402677174235,0.025647446314318714,70.12381637327678,68.34818706788546,1.7756293053913197,232.0,212.0,253.0
Incarnate Word,Poisson,4.1837701690846,0,0.09168850236281621,0.06799959853942826,0.036743402677174235,0.023688903823387952,71.91311623940653,70.22959248831343,1.6835237510931051,233.0,162.0,301.0
William and Mary,Poisson,4.1837701690846,0,0.09209713248412858,0.06851157240927157,0.036743402677174235,0.023585560074857015,71.94250810961218,70.26555741032179,1.676950699290387,234.0,161.0,304.0
SIU-Edwardsville,Poisson,4.1837701690846,0,0.005827335420260116,-0.017190921876786662,0.036743402677174235,0.023018257297046776,65.99622243168703,64.4944547480769,1.501767683610126,235.0,310.0,138.0
Columbia,Poisson,4.1837701690846,0,0.09687138548425257,0.07443534875101815,0.036743402677174235,0.022436036733234424,72.28680106165092,70.68303014370103,1.6037709179498876,236.0,150.0,314.0
Massachusetts-Lowell,Poisson,4.1837701690846,0,0.08861524679403197,0.06840486056970256,0.036743402677174235,0.020210386224329413,71.69244811291183,70.25805964348953,1.4343884694223021,237.0,174.0,303.0
South Carolina State,Poisson,4.1837701690846,0,0.011455732019362293,-0.007921712551137328,0.036743402677174235,0.01937744457049962,66.36872265169653,65.09504655492573,1.2736760967707994,238.0,300.0,157.0
Evansville,Poisson,4.1837701690846,0,-0.005231366160684647,-0.02409109024787041,0.036743402677174235,0.018859724087185763,65.27041056765734,64.05096399139403,1.2194465762633087,239.0,325.0,127.0
Idaho,Poisson,4.1837701690846,0,0.10019355085711228,0.08208684613556828,0.036743402677174235,0.018106704721543992,72.52734911802472,71.22593553485208,1.3014135831726321,240.0,144.0,324.0
Stephen F Austin,Poisson,4.1837701690846,0,-0.04211195069618601,-0.05792923244215396,0.036743402677174235,0.015817281745967957,62.90704863440785,61.919858039954235,0.9871905944536152,241.0,348.0,81.0
South Dakota,Poisson,4.1837701690846,0,0.10888362880754218,0.09342363493715748,0.036743402677174235,0.0154599938703847,73.16036392577611,72.03800334642673,1.122360579349376,242.0,126.0,339.0
Siena,Poisson,4.1837701690846,0,0.039989419462561876,0.024740607647256815,0.036743402677174235,0.01524881181530506,68.28974361074093,67.25630553789976,1.0334380728411645,243.0,252.0,221.0
Colgate,Poisson,4.1837701690846,0,0.07001102560666533,0.05578711611416529,0.036743402677174235,0.01422390949250004,70.3709963556738,69.37713075626495,0.9938655994088492,244.0,203.0,281.0
Dartmouth,Poisson,4.1837701690846,0,0.03224910906744269,0.0180433310728048,0.036743402677174235,0.014205777994637889,67.76320023185592,66.80737643751316,0.9558237943427628,245.0,264.0,207.0
Mercer,Poisson,4.1837701690846,0,0.04150896150519308,0.027720170520709738,0.036743402677174235,0.01378879098448334,68.39359162796991,67.45699876946091,0.9365928585090018,246.0,248.0,227.0
Delaware,Poisson,4.1837701690846,0,0.09283489954260443,0.0795593712211756,0.036743402677174235,0.013275528321428837,71.9956045061774,71.04614107823551,0.9494634279418932,247.0,156.0,321.0
Northwestern State,Poisson,4.1837701690846,0,0.014737171240835734,0.0021152484108921134,0.036743402677174235,0.01262192282994362,66.58686529645632,65.75169285006568,0.8351724463906436,248.0,296.0,176.0
Richmond,Poisson,4.1837701690846,0,0.04476946410722519,0.03238776546612818,0.036743402677174235,0.012381698641097012,68.61695304880486,67.77259668458757,0.8443563642172904,249.0,244.0,237.0
American,Poisson,4.1837701690846,0,0.06771897518974518,0.05660930023895215,0.036743402677174235,0.011109674950793028,70.20988718983523,69.43419498723385,0.7756922026013768,250.0,209.0,284.0
FIU,Poisson,4.1837701690846,0,-0.006307949748239117,-0.015994044291286785,0.036743402677174235,0.009686094543047669,65.20017932657134,64.57169292845691,0.6284863981144326,251.0,327.0,143.0
Houston Christian,Poisson,4.1837701690846,0,0.05440699927442026,0.04490530385896861,0.036743402677174235,0.00950169541545165,69.28144825152044,68.62627459177608,0.6551736597443636,252.0,229.0,264.0
Fresno State,Poisson,4.1837701690846,0,0.025226269798705365,0.016363456537535334,0.036743402677174235,0.00886281326117003,67.28897731302591,66.69524263879401,0.5937346742318965,253.0,276.0,203.0
Northern Kentucky,Poisson,4.1837701690846,0,0.027660886252184675,0.01927549562999616,0.036743402677174235,0.008385390622188515,67.4529997491726,66.88974485421905,0.563254894953559,254.0,271.0,211.0
Charlotte,Poisson,4.1837701690846,0,0.06611091825183305,0.06013502738943011,0.036743402677174235,0.005975890862402938,70.09707642100861,69.67943308093349,0.4176433400751165,255.0,213.0,288.0
North Florida,Poisson,4.1837701690846,0,0.11610911016048053,0.11228179073961372,0.036743402677174235,0.0038273194208668093,73.69089714187334,73.40939757810065,0.2814995637726838,256.0,116.0,349.0
Cal State-Bakersfield,Poisson,4.1837701690846,0,0.07237306549068395,0.069944731821596,0.036743402677174235,0.0024283336690879564,70.53741191846976,70.3663313505984,0.17108056787135695,257.0,200.0,306.0
Georgia State,Poisson,4.1837701690846,0,0.05967580547249679,0.05919413783400422,0.036743402677174235,0.00048166763849256944,69.6474421041443,69.61390326311455,0.033538841029752575,258.0,222.0,287.0
Tulsa,Poisson,4.1837701690846,0,0.02110667846399613,0.02271767787966755,0.036743402677174235,-0.0016109994156714193,67.01234442362146,67.12038827725587,-0.10804385363441327,259.0,286.0,217.0
Northern Arizona,Poisson,4.1837701690846,0,0.04981485301676933,0.05324172337580268,0.036743402677174235,-0.00342687035903335,68.96402708822072,69.20076326891443,-0.23673618069371116,260.0,235.0,275.0
Tennessee State,Poisson,4.1837701690846,0,0.04355500807320118,0.047715758809579296,0.036743402677174235,-0.004160750736378116,68.53367135735078,68.81941692672982,-0.2857455693790314,261.0,245.0,270.0
North Dakota,Poisson,4.1837701690846,0,0.09962150213092877,0.10631440011611368,0.036743402677174235,-0.006692897985184909,72.48587180500144,72.97263947648631,-0.4867676714848699,262.0,145.0,346.0
Presbyterian,Poisson,4.1837701690846,0,0.05401081862880891,0.06394176247581836,0.036743402677174235,-0.009930943847009446,69.25400571908237,69.94518973530427,-0.6911840162218965,263.0,231.0,294.0
Hampton,Poisson,4.1837701690846,0,0.03568617507772416,0.047410870525162366,0.036743402677174235,-0.011724695447438205,67.99650754075164,68.7984378910621,-0.8019303503104567,264.0,257.0,269.0
Georgia Southern,Poisson,4.1837701690846,0,0.021949226240194943,0.03369139189433308,0.036743402677174235,-0.011742165654138138,67.06882931766292,67.86100444556021,-0.7921751278972948,265.0,282.0,240.0
Southern Miss,Poisson,4.1837701690846,0,-0.008340977803842064,0.004571616972265305,0.036743402677174235,-0.012912594776107369,65.06776018429534,65.91340176828189,-0.8456415839865485,266.0,329.0,186.0
Vermont,Poisson,4.1837701690846,0,-0.016553648255135455,-0.0036021032295448898,0.036743402677174235,-0.012951545025590566,64.5355684617818,65.37683990523969,-0.8412714434578845,267.0,333.0,168.0
Southern Utah,Poisson,4.1837701690846,0,0.0031578412128740524,0.017636904091978087,0.036743402677174235,-0.014479062879104034,65.82028084020882,66.780229634181,-0.959948793972174,268.0,316.0,206.0
Monmouth,Poisson,4.1837701690846,0,0.03556147234128954,0.05059814154641078,0.036743402677174235,-0.015036669205121235,67.98802871887044,69.01806698124798,-1.0300382623775448,269.0,258.0,272.0
Pacific,Poisson,4.1837701690846,0,0.029612795129583154,0.044781082627236866,0.036743402677174235,-0.015168287497653712,67.58479043805498,68.61775028087833,-1.0329598428233453,270.0,268.0,263.0
Bethune-Cookman,Poisson,4.1837701690846,0,-0.011214675455705687,0.004027214447699386,0.036743402677174235,-0.015241889903405073,64.88104352674621,65.87752811169709,-0.9964845849508777,271.0,331.0,183.0
Tennessee Tech,Poisson,4.1837701690846,0,0.02770541061325599,0.04329056107898799,0.036743402677174235,-0.015585150465731997,67.45600311774986,68.51555023010239,-1.0595471123525328,272.0,270.0,258.0
Air Force,Poisson,4.1837701690846,0,0.021736313833463142,0.03770842511982335,0.036743402677174235,-0.015972111286360207,67.0545510518601,68.1341526104543,-1.0796015585941916,273.0,283.0,246.0
Ball State,Poisson,4.1837701690846,0,0.06716696975178985,0.08807726038301623,0.036743402677174235,-0.02091029063122639,70.17114164516776,71.65388892314472,-1.482747277976955,274.0,211.0,333.0
Sacred Heart,Poisson,4.1837701690846,0,0.049759617525614114,0.07219182598323697,0.036743402677174235,-0.02243220845762285,68.96021793151375,70.52462891110503,-1.5644109795912726,275.0,236.0,310.0
Charleston Southern,Poisson,4.1837701690846,0,0.011321140165297852,0.034356773191728,0.036743402677174235,-0.02303563302643015,66.3597905633696,67.9061729142014,-1.5463823508318058,276.0,301.0,241.0
Holy Cross,Poisson,4.1837701690846,0,0.048380415734112704,0.07211959073147904,0.036743402677174235,-0.023739174997366337,68.86517343323752,70.5195347307724,-1.6543612975348907,277.0,239.0,309.0
Manhattan,Poisson,4.1837701690846,0,0.0697451119686036,0.09377946260913965,0.036743402677174235,-0.02403435064053605,70.3522862357671,72.06364102247854,-1.7113547867114391,278.0,204.0,340.0
Army,Poisson,4.1837701690846,0,0.05473833230986731,0.07881108768447423,0.036743402677174235,-0.024072755374606916,69.3044072874033,70.99299830593098,-1.6885910185276884,279.0,228.0,320.0
VMI,Poisson,4.1837701690846,0,0.030812956609310875,0.05510802617222693,0.036743402677174235,-0.024295069562916057,67.66595179377863,69.33003343803536,-1.6640816442567257,280.0,266.0,278.0
Lehigh,Poisson,4.1837701690846,0,0.022916836172389404,0.04722383553901737,0.036743402677174235,-0.024306999366627967,67.1337571904128,68.78557137946575,-1.6518141890529563,281.0,280.0,268.0
Mount Saint Mary's,Poisson,4.1837701690846,0,0.00024113665373872578,0.024725615753799658,0.036743402677174235,-0.02448447910006093,65.62858222700912,67.25529724609099,-1.626715019081871,282.0,318.0,220.0
San Diego,Poisson,4.1837701690846,0,0.007822791687935749,0.03277175987507636,0.036743402677174235,-0.024948968187140614,66.12804648820922,67.79862598002647,-1.67057949181725,283.0,306.0,238.0
UMBC,Poisson,4.1837701690846,0,0.06485654380144873,0.09079594360281391,0.036743402677174235,-0.025939399801365184,70.00920356355512,71.84895819421997,-1.8397546306648564,284.0,214.0,338.0
Lafayette,Poisson,4.1837701690846,0,-0.0002942595152593307,0.02689191305113304,0.036743402677174235,-0.02718617256639237,65.59345434001517,67.40115013807066,-1.8076957980554909,285.0,319.0,224.0
Austin Peay,Poisson,4.1837701690846,0,-0.0007029223783977367,0.027985260885360488,0.036743402677174235,-0.028688183263758223,65.56665420764381,67.4748833402719,-1.9082291326280938,286.0,321.0,228.0
Harvard,Poisson,4.1837701690846,0,0.011836221421891002,0.04128129785844604,0.036743402677174235,-0.029445076436555036,66.39398005210677,68.37802266579637,-1.9840426136895957,287.0,298.0,254.0
Iona,Poisson,4.1837701690846,0,-0.019480911545941473,0.010124902283087902,0.036743402677174235,-0.029605813829029375,64.34693209013541,66.28045592905019,-1.9335238389147804,288.0,336.0,195.0
Weber State,Poisson,4.1837701690846,0,0.03781956275536776,0.06979092856748538,0.036743402677174235,-0.03197136581211762,68.14172529987283,70.35550961208749,-2.2137843122146563,289.0,255.0,305.0
Navy,Poisson,4.1837701690846,0,0.032183546172788534,0.06625821239681298,0.036743402677174235,-0.03407466622402445,67.75875762593436,70.10740207038084,-2.348644444446478,290.0,265.0,300.0
Long Island,Poisson,4.1837701690846,0,-0.03343289096991571,0.0008399521122577237,0.036743402677174235,-0.03427284308217343,63.45539880657216,65.6678934054633,-2.2124945988911406,291.0,343.0,175.0
North Carolina Central,Poisson,4.1837701690846,0,0.05524694625564369,0.08961893541389199,0.036743402677174235,-0.034371989158248295,69.33966544108773,71.7644411304551,-2.4247756893673653,292.0,227.0,335.0
Jackson State,Poisson,4.1837701690846,0,-0.004584474754162737,0.029999046740246692,0.036743402677174235,-0.03458352149440943,65.31264709510413,67.610900214365,-2.2982531192608775,293.0,323.0,234.0
Albany,Poisson,4.1837701690846,0,0.03281331346677428,0.0681938415007036,0.036743402677174235,-0.03538052803392931,67.80144331498293,70.2432354173061,-2.441792102323163,294.0,263.0,302.0
Texas Southern,Poisson,4.1837701690846,0,-0.03361851395857459,0.0022754026698900863,0.036743402677174235,-0.035893916628464674,63.44362111893774,65.76222410700231,-2.318602988064569,295.0,344.0,177.0
Bowling Green,Poisson,4.1837701690846,0,0.02049982952329246,0.05791606838410822,0.036743402677174235,-0.037416238860815756,66.97169039007018,69.52498869166782,-2.5532983015976356,296.0,288.0,285.0
Utah Tech,Poisson,4.1837701690846,0,0.018175896208066422,0.05621272967138841,0.036743402677174235,-0.03803683346332199,66.8162333534532,69.40666488829375,-2.5904315348405476,297.0,290.0,282.0
Stonehill,Poisson,4.1837701690846,0,0.027403344817312207,0.06545869894200361,0.036743402677174235,-0.0380553541246914,67.43563004363621,70.05137266026203,-2.6157426166258233,298.0,272.0,298.0
Cal State-Long Beach,Poisson,4.1837701690846,0,0.03535332416111944,0.07368804137741584,0.036743402677174235,-0.0383347172162964,67.97387860713033,70.63022792628664,-2.6563493191563055,299.0,259.0,312.0
Saint Peter's,Poisson,4.1837701690846,0,-0.02599690366408164,0.01394691937565863,0.036743402677174235,-0.03994382303974027,63.92901105158478,66.53426568816616,-2.6052546365813782,300.0,338.0,201.0
Loyola-Maryland,Poisson,4.1837701690846,0,0.02170551235096578,0.06535892393570858,0.036743402677174235,-0.0436534115847428,67.05248570408759,70.0443836327848,-2.991897928697213,301.0,284.0,297.0
Binghamton,Poisson,4.1837701690846,0,0.01686145772642233,0.06057333432551166,0.036743402677174235,-0.04371187659908933,66.7284652206773,69.70998075389453,-2.981515533217234,302.0,293.0,289.0
Delaware State,Poisson,4.1837701690846,0,0.005969515833365767,0.051302429717131316,0.036743402677174235,-0.04533291388376555,66.00560646895309,69.06669271064189,-3.0610862416887983,303.0,309.0,273.0
Howard,Poisson,4.1837701690846,0,0.0813747464695547,0.12965192827911165,0.036743402677174235,-0.04827718180955695,71.17523362449546,74.69566791592331,-3.520434291427847,304.0,183.0,357.0
Morehead State,Poisson,4.1837701690846,0,0.004518532725053248,0.055081815099384215,0.036743402677174235,-0.05056328237433097,65.90990289783609,69.32821624729408,-3.418313349457989,305.0,312.0,277.0
Tarleton State,Poisson,4.1837701690846,0,-0.04407734000016059,0.006821555072797184,0.036743402677174235,-0.05089889507295778,62.783533211581805,66.06186980156687,-3.2783365899850665,306.0,349.0,188.0
Denver,Poisson,4.1837701690846,0,0.012633828186123611,0.06466395794829026,0.036743402677174235,-0.05203012976216665,66.44695746446327,69.99572207957107,-3.5487646151077996,307.0,297.0,295.0
Boston University,Poisson,4.1837701690846,0,-0.013886723125097058,0.038981286899420695,0.036743402677174235,-0.052868010024517756,64.70790969953491,68.22093318732047,-3.51302348778556,308.0,332.0,250.0
Eastern Michigan,Poisson,4.1837701690846,0,0.03330795754037308,0.08641150373022902,0.036743402677174235,-0.05310354618985594,67.83498919305104,71.53463033644101,-3.699641143389968,309.0,262.0,332.0
Oral Roberts,Poisson,4.1837701690846,0,0.0489015647451095,0.10325833889236541,0.036743402677174235,-0.054356774147255905,68.90107180365197,72.74997104007592,-3.8488992364239465,310.0,237.0,345.0
Saint Francis-PA,Poisson,4.1837701690846,0,0.015991254876174452,0.07068314568019511,0.036743402677174235,-0.05469189080402066,66.6704231778878,70.41831001336712,-3.7478868354793207,311.0,294.0,308.0
Penn,Poisson,4.1837701690846,0,0.01803358298297378,0.07273992740376674,0.036743402677174235,-0.05470634442079296,66.80672519638044,70.56329415566331,-3.7565689592828733,312.0,291.0,311.0
Tennessee-Martin,Poisson,4.1837701690846,0,0.0065991016225949665,0.0615343273390501,0.036743402677174235,-0.054935225716455136,66.0471757451351,69.777003757534,-3.7298280123988974,313.0,308.0,292.0
Niagara,Poisson,4.1837701690846,0,0.025915135522354305,0.0817983629134729,0.036743402677174235,-0.05588322739111859,67.33534635226351,71.20539101098993,-3.870044658726414,314.0,274.0,323.0
Old Dominion,Poisson,4.1837701690846,0,0.005178532544077796,0.06124066080164206,0.036743402677174235,-0.056062128257564264,65.95341778014823,69.75651559494098,-3.80309781479275,315.0,311.0,291.0
IUPUI,Poisson,4.1837701690846,0,0.08609114731901099,0.14307733014654347,0.036743402677174235,-0.05698618282753248,71.51171742933292,75.70524912821394,-4.193531698881017,316.0,177.0,359.0
Coastal Carolina,Poisson,4.1837701690846,0,0.025709323962836306,0.08359050438445928,0.036743402677174235,-0.05788118042162298,67.32148938563091,71.33311556122506,-4.011626175594145,317.0,275.0,329.0
FDU,Poisson,4.1837701690846,0,0.007487251802724906,0.06567813769621199,0.036743402677174235,-0.05819088589348708,66.10586161324468,70.0667463329373,-3.960884719692615,318.0,307.0,299.0
Cal State-Fullerton,Poisson,4.1837701690846,0,-0.017137769291458563,0.04574493415519351,0.036743402677174235,-0.06288270344665207,64.49788288619247,68.68391948785444,-4.186036601661968,319.0,334.0,266.0
Portland,Poisson,4.1837701690846,0,0.021665559029729838,0.08531478348278157,0.036743402677174235,-0.06364922445305174,67.04980678810271,71.45621986399303,-4.406413075890313,320.0,285.0,331.0
Alabama State,Poisson,4.1837701690846,0,0.026688544465967017,0.09061898137710021,0.036743402677174235,-0.0639304369111332,67.38744425524871,71.83624476759408,-4.448800512345372,321.0,273.0,337.0
Louisiana-Lafayette,Poisson,4.1837701690846,0,0.008271495388252045,0.0757407824156822,0.036743402677174235,-0.06746928702743016,66.15772504530442,70.77536240447944,-4.617637359175021,322.0,305.0,315.0
Texas A&M-Commerce,Poisson,4.1837701690846,0,-0.03053630217245066,0.03866121901154597,0.036743402677174235,-0.06919752118399664,63.63946946369615,68.1991013513476,-4.559631887651442,323.0,340.0,249.0
Rider,Poisson,4.1837701690846,0,0.0116890702556284,0.08382713447839511,0.036743402677174235,-0.07213806422276671,66.3842108193039,71.3499971203247,-4.965786301020799,324.0,299.0,330.0
Detroit-Mercy,Poisson,4.1837701690846,0,-0.04502060091570363,0.02769612912676998,0.036743402677174235,-0.07271673004247362,62.72433988033038,67.45537702867404,-4.731037148343653,325.0,350.0,226.0
Southern Indiana,Poisson,4.1837701690846,0,0.009018574032738669,0.08224602880433032,0.036743402677174235,-0.07322745477159165,66.20716853564183,71.2372743718048,-5.030105836162974,326.0,303.0,325.0
Wisconsin-Green Bay,Poisson,4.1837701690846,0,0.024957823908394645,0.10112665043408325,0.036743402677174235,-0.07616882652568861,67.27091628791547,72.59505594049675,-5.32413965258128,327.0,278.0,343.0
Sacramento State,Poisson,4.1837701690846,0,-0.027915739452462854,0.049763732644682035,0.036743402677174235,-0.07767947209714489,63.80645939311948,68.96050171160536,-5.154042318485878,328.0,339.0,271.0
West Georgia,Poisson,4.1837701690846,0,-0.0016808564052277427,0.078259683154692,0.036743402677174235,-0.07994053955991975,65.50256568774856,70.95386323570138,-5.451297547952819,329.0,322.0,318.0
Western Michigan,Poisson,4.1837701690846,0,-0.004650939626580003,0.07732563715613354,0.036743402677174235,-0.08197657678271354,65.3083062426064,70.88762000559191,-5.579313762985507,330.0,324.0,316.0
North Carolina A&T,Poisson,4.1837701690846,0,-0.0004030167029824734,0.08328839550439568,0.036743402677174235,-0.08369141220737815,65.58632096829785,71.31156844852234,-5.725247480224482,331.0,320.0,327.0
Lindenwood,Poisson,4.1837701690846,0,-0.05617563649081619,0.028721923363346502,0.036743402677174235,-0.0848975598541627,62.028535712834554,67.52460786788336,-5.496072155048807,332.0,354.0,230.0
Alcorn State,Poisson,4.1837701690846,0,-0.02335937162843837,0.06261714213903816,0.036743402677174235,-0.08597651376747653,64.0978484253539,69.85260025101611,-5.754751825662211,333.0,337.0,293.0
Stony Brook,Poisson,4.1837701690846,0,0.029768536767634777,0.11651691914058139,0.036743402677174235,-0.08674838237294662,67.59531702371775,73.72095508001145,-6.125638056293695,334.0,267.0,351.0
Grambling State,Poisson,4.1837701690846,0,-0.030812210806646926,0.05650716633051729,0.036743402677174235,-0.08731937713716421,63.62191320666825,69.42710376365416,-5.805190556985906,335.0,341.0,283.0
Prairie View A&M,Poisson,4.1837701690846,0,0.028604383384127133,0.11596026786553454,0.036743402677174235,-0.08735588448140741,67.51667149330753,73.67992963586073,-6.163258142553204,336.0,269.0,350.0
New Orleans,Poisson,4.1837701690846,0,0.000982190771822066,0.08941249324452044,0.036743402677174235,-0.08843030247269837,65.67723458292025,71.74962745268087,-6.07239286976062,337.0,317.0,334.0
Florida A&M,Poisson,4.1837701690846,0,-0.00884928424518492,0.07987220117241406,0.036743402677174235,-0.08872148541759897,65.03469422720131,71.06836991582651,-6.033675688625195,338.0,330.0,322.0
Mercyhurst,Poisson,4.1837701690846,0,0.004235303390639395,0.09754826384084807,0.036743402677174235,-0.09331296045020868,65.89123792326598,72.33574699611016,-6.444509072844184,339.0,313.0,341.0
Stetson,Poisson,4.1837701690846,0,0.008301368895639306,0.10238274065395654,0.036743402677174235,-0.09408137175831724,66.15970143811306,72.68629917314415,-6.526597735031089,340.0,304.0,344.0
Eastern Illinois,Poisson,4.1837701690846,0,-0.05500781845710643,0.03973227594982653,0.036743402677174235,-0.09474009440693296,62.10101606914082,68.27218560374561,-6.171169534604793,341.0,352.0,251.0
Morgan State,Poisson,4.1837701690846,0,0.02400960921781746,0.12245611745541704,0.036743402677174235,-0.09844650823759958,67.20715924930003,74.16010124941313,-6.952942000113097,342.0,279.0,354.0
Fairfield,Poisson,4.1837701690846,0,0.015873091529007642,0.12230136733948233,0.036743402677174235,-0.10642827581047468,66.6625456429552,74.14862585307947,-7.486080210124271,343.0,295.0,353.0
Buffalo,Poisson,4.1837701690846,0,-0.03302181877474403,0.07442135785495016,0.036743402677174235,-0.10744317662969419,63.48148891874755,70.68204123169039,-7.20055231294284,344.0,342.0,313.0
Louisiana-Monroe,Poisson,4.1837701690846,0,-0.03600905545676321,0.07771202732265592,0.036743402677174235,-0.11372108277941913,63.29213764576209,70.91501557723917,-7.622877931477085,345.0,345.0,317.0
South Carolina-Upstate,Poisson,4.1837701690846,0,-0.0053014235534288145,0.10855095032118028,0.036743402677174235,-0.1138523738746091,65.26583805304068,73.13602909470538,-7.870191041664697,346.0,326.0,347.0
Bellarmine,Poisson,4.1837701690846,0,0.05187939412992073,0.1657510070850084,0.036743402677174235,-0.11387161295508766,69.10655323239055,77.44137327128384,-8.334820038893284,347.0,232.0,361.0
NJIT,Poisson,4.1837701690846,0,-0.0496184713510829,0.06519976448822512,0.036743402677174235,-0.11481823583930803,62.4366034866501,70.03323629451216,-7.596632807862065,348.0,351.0,296.0
Le Moyne,Poisson,4.1837701690846,0,0.018027779824294092,0.13490597228822782,0.036743402677174235,-0.11687819246393372,66.80633750747815,75.08915503658518,-8.282817529107035,349.0,292.0,358.0
Central Arkansas,Poisson,4.1837701690846,0,-0.03858667278623909,0.07862759526129111,0.036743402677174235,-0.1172142680475302,63.12920481440365,70.979972823718,-7.850768009314351,350.0,347.0,319.0
Western Carolina,Poisson,4.1837701690846,0,-0.07624616293987337,0.042677583694122244,0.036743402677174235,-0.1189237466339956,60.796000535643856,68.47356461673009,-7.677564081086231,351.0,360.0,257.0
Wagner,Poisson,4.1837701690846,0,-0.07071946642257003,0.05917674255988406,0.036743402677174235,-0.12989620898245408,61.13293178082741,69.61269232071704,-8.479760539889632,352.0,359.0,286.0
Western Illinois,Poisson,4.1837701690846,0,-0.008217936781342314,0.1256786978952457,0.036743402677174235,-0.133896634676588,65.07576668059382,74.39947363233742,-9.323706951743603,353.0,328.0,356.0
Northern Illinois,Poisson,4.1837701690846,0,-0.0646576216568173,0.07059733028489511,0.036743402677174235,-0.1352549519417124,61.50463559053768,70.41226729753969,-8.907631707002004,354.0,357.0,307.0
Chicago State,Poisson,4.1837701690846,0,-0.09053929009666664,0.0537607498428437,0.036743402677174235,-0.14430003993951035,59.93321620085128,69.23668961914721,-9.303473418295937,355.0,361.0,276.0
New Hampshire,Poisson,4.1837701690846,0,-0.056911398457810965,0.09864701732242302,0.036743402677174235,-0.155558415780234,61.98291426071142,72.41526982995934,-10.432355569247925,356.0,355.0,342.0
Canisius,Poisson,4.1837701690846,0,0.0038405398769322426,0.1627198165237312,0.036743402677174235,-0.15887927664679893,65.86523160017234,77.20698912254365,-11.34175752237131,357.0,314.0,360.0
Citadel,Poisson,4.1837701690846,0,-0.055493627742062825,0.1228974435157828,0.036743402677174235,-0.17839107125784562,62.07085414599356,74.19283725782934,-12.121983111835782,358.0,353.0,355.0
Alabama A&M,Poisson,4.1837701690846,0,-0.06831694171705563,0.11055463304067299,0.036743402677174235,-0.17887157475772864,61.27998173459227,73.28271740171137,-12.002735667119097,359.0,358.0,348.0
Maryland-Eastern Shore,Poisson,4.1837701690846,0,-0.0629319193068432,0.11948753993317053,0.036743402677174235,-0.18241945924001374,61.61086591931132,73.9402776828779,-12.329411763566583,360.0,356.0,352.0
Arkansas-Pine Bluff,Poisson,4.1837701690846,0,-0.03734191163643371,0.1658793930813591,0.036743402677174235,-0.20322130471779282,63.20783452342562,77.45131629740902,-14.243481773983405,361.0,346.0,362.0
Coppin State,Poisson,4.1837701690846,0,-0.13686772509425302,0.08315024932027229,0.036743402677174235,-0.2200179744145253,57.21994028343002,71.30171770789411,-14.081777424464093,362.0,362.0,326.0
Mississippi Valley State,Poisson,4.1837701690846,0,-0.18814442454661603,0.17463263265145143,0.036743402677174235,-0.36277705719806747,54.35984535988397,78.13224202934977,-23.7723966694658,363.0,363.0,363.0
